{"meta": {"format": 3, "version": "7.11.0", "timestamp": "2025-12-22T17:21:33.502427", "branch_coverage": false, "show_contexts": false}, "files": {"src/core/exceptions.py": {"executed_lines": [1, 8, 9, 10, 13, 14, 16, 17, 18, 20, 28, 29, 30, 31, 32, 33, 35, 36, 37, 39, 41, 42, 43, 44, 45, 46, 48, 49, 59, 60, 64, 65, 67, 70, 71, 73, 74, 77, 78, 80, 81, 84, 85, 87, 88, 91, 92, 94, 95, 99, 100, 102, 105, 106, 108, 109, 112, 113, 115, 116, 119, 120, 122, 123, 126, 127, 129, 130, 134, 135, 137, 140, 141, 143, 144, 147, 148, 150, 151, 154, 155, 157, 158, 162, 163, 165, 168, 169, 171, 172, 175, 176, 178, 179, 182, 183, 185, 186, 190, 191, 193, 196, 197, 199, 200, 203, 204, 206, 207, 210, 211, 213, 214, 217, 218, 220, 221, 225, 226, 228, 231, 232, 234, 235, 238, 239, 241, 242, 245, 246, 248, 249, 252, 253, 255, 256, 260, 261, 263, 266, 267, 269, 270, 273, 274, 276, 277, 280, 281, 283, 284, 287, 288, 290, 291, 295, 296, 298, 301, 302, 304, 305, 308, 309, 311, 312, 315, 316, 318, 319, 323, 324, 326, 329, 330, 332, 333, 336, 337, 339, 340, 343, 344, 346, 347, 350, 351, 353, 354, 358, 395, 400], "summary": {"covered_lines": 146, "num_statements": 147, "percent_covered": 99.31972789115646, "percent_covered_display": "99", "missing_lines": 1, "excluded_lines": 2}, "missing_lines": [397], "excluded_lines": [59, 60], "functions": {"MyStocksException.__init__": {"executed_lines": [28, 29, 30, 31, 32, 33, 35, 36, 37, 39], "summary": {"covered_lines": 10, "num_statements": 10, "percent_covered": 100.0, "percent_covered_display": "100", "missing_lines": 0, "excluded_lines": 0}, "missing_lines": [], "excluded_lines": []}, "MyStocksException.format_message": {"executed_lines": [42, 43, 44, 45, 46], "summary": {"covered_lines": 5, "num_statements": 5, "percent_covered": 100.0, "percent_covered_display": "100", "missing_lines": 0, "excluded_lines": 0}, "missing_lines": [], "excluded_lines": []}, "MyStocksException.to_dict": {"executed_lines": [49], "summary": {"covered_lines": 1, "num_statements": 1, "percent_covered": 100.0, "percent_covered_display": "100", "missing_lines": 0, "excluded_lines": 0}, "missing_lines": [], "excluded_lines": []}, "MyStocksException.__repr__": {"executed_lines": [60], "summary": {"covered_lines": 0, "num_statements": 0, "percent_covered": 100.0, "percent_covered_display": "100", "missing_lines": 0, "excluded_lines": 1}, "missing_lines": [], "excluded_lines": [60]}, "get_exception_class": {"executed_lines": [], "summary": {"covered_lines": 0, "num_statements": 1, "percent_covered": 0.0, "percent_covered_display": "0", "missing_lines": 1, "excluded_lines": 0}, "missing_lines": [397], "excluded_lines": []}, "": {"executed_lines": [1, 8, 9, 10, 13, 14, 16, 17, 18, 20, 41, 48, 59, 64, 65, 67, 70, 71, 73, 74, 77, 78, 80, 81, 84, 85, 87, 88, 91, 92, 94, 95, 99, 100, 102, 105, 106, 108, 109, 112, 113, 115, 116, 119, 120, 122, 123, 126, 127, 129, 130, 134, 135, 137, 140, 141, 143, 144, 147, 148, 150, 151, 154, 155, 157, 158, 162, 163, 165, 168, 169, 171, 172, 175, 176, 178, 179, 182, 183, 185, 186, 190, 191, 193, 196, 197, 199, 200, 203, 204, 206, 207, 210, 211, 213, 214, 217, 218, 220, 221, 225, 226, 228, 231, 232, 234, 235, 238, 239, 241, 242, 245, 246, 248, 249, 252, 253, 255, 256, 260, 261, 263, 266, 267, 269, 270, 273, 274, 276, 277, 280, 281, 283, 284, 287, 288, 290, 291, 295, 296, 298, 301, 302, 304, 305, 308, 309, 311, 312, 315, 316, 318, 319, 323, 324, 326, 329, 330, 332, 333, 336, 337, 339, 340, 343, 344, 346, 347, 350, 351, 353, 354, 358, 395, 400], "summary": {"covered_lines": 130, "num_statements": 130, "percent_covered": 100.0, "percent_covered_display": "100", "missing_lines": 0, "excluded_lines": 1}, "missing_lines": [], "excluded_lines": [59]}}, "classes": {"MyStocksException": {"executed_lines": [28, 29, 30, 31, 32, 33, 35, 36, 37, 39, 42, 43, 44, 45, 46, 49, 60], "summary": {"covered_lines": 16, "num_statements": 16, "percent_covered": 100.0, "percent_covered_display": "100", "missing_lines": 0, "excluded_lines": 1}, "missing_lines": [], "excluded_lines": [60]}, "DataSourceException": {"executed_lines": [], "summary": {"covered_lines": 0, "num_statements": 0, "percent_covered": 100.0, "percent_covered_display": "100", "missing_lines": 0, "excluded_lines": 0}, "missing_lines": [], "excluded_lines": []}, "NetworkError": {"executed_lines": [], "summary": {"covered_lines": 0, "num_statements": 0, "percent_covered": 100.0, "percent_covered_display": "100", "missing_lines": 0, "excluded_lines": 0}, "missing_lines": [], "excluded_lines": []}, "DataFetchError": {"executed_lines": [], "summary": {"covered_lines": 0, "num_statements": 0, "percent_covered": 100.0, "percent_covered_display": "100", "missing_lines": 0, "excluded_lines": 0}, "missing_lines": [], "excluded_lines": []}, "DataParseError": {"executed_lines": [], "summary": {"covered_lines": 0, "num_statements": 0, "percent_covered": 100.0, "percent_covered_display": "100", "missing_lines": 0, "excluded_lines": 0}, "missing_lines": [], "excluded_lines": []}, "DataValidationError": {"executed_lines": [], "summary": {"covered_lines": 0, "num_statements": 0, "percent_covered": 100.0, "percent_covered_display": "100", "missing_lines": 0, "excluded_lines": 0}, "missing_lines": [], "excluded_lines": []}, "DatabaseException": {"executed_lines": [], "summary": {"covered_lines": 0, "num_statements": 0, "percent_covered": 100.0, "percent_covered_display": "100", "missing_lines": 0, "excluded_lines": 0}, "missing_lines": [], "excluded_lines": []}, "DatabaseConnectionError": {"executed_lines": [], "summary": {"covered_lines": 0, "num_statements": 0, "percent_covered": 100.0, "percent_covered_display": "100", "missing_lines": 0, "excluded_lines": 0}, "missing_lines": [], "excluded_lines": []}, "DatabaseOperationError": {"executed_lines": [], "summary": {"covered_lines": 0, "num_statements": 0, "percent_covered": 100.0, "percent_covered_display": "100", "missing_lines": 0, "excluded_lines": 0}, "missing_lines": [], "excluded_lines": []}, "DatabaseIntegrityError": {"executed_lines": [], "summary": {"covered_lines": 0, "num_statements": 0, "percent_covered": 100.0, "percent_covered_display": "100", "missing_lines": 0, "excluded_lines": 0}, "missing_lines": [], "excluded_lines": []}, "DatabaseNotFoundError": {"executed_lines": [], "summary": {"covered_lines": 0, "num_statements": 0, "percent_covered": 100.0, "percent_covered_display": "100", "missing_lines": 0, "excluded_lines": 0}, "missing_lines": [], "excluded_lines": []}, "CacheException": {"executed_lines": [], "summary": {"covered_lines": 0, "num_statements": 0, "percent_covered": 100.0, "percent_covered_display": "100", "missing_lines": 0, "excluded_lines": 0}, "missing_lines": [], "excluded_lines": []}, "CacheStoreError": {"executed_lines": [], "summary": {"covered_lines": 0, "num_statements": 0, "percent_covered": 100.0, "percent_covered_display": "100", "missing_lines": 0, "excluded_lines": 0}, "missing_lines": [], "excluded_lines": []}, "CacheRetrievalError": {"executed_lines": [], "summary": {"covered_lines": 0, "num_statements": 0, "percent_covered": 100.0, "percent_covered_display": "100", "missing_lines": 0, "excluded_lines": 0}, "missing_lines": [], "excluded_lines": []}, "CacheInvalidationError": {"executed_lines": [], "summary": {"covered_lines": 0, "num_statements": 0, "percent_covered": 100.0, "percent_covered_display": "100", "missing_lines": 0, "excluded_lines": 0}, "missing_lines": [], "excluded_lines": []}, "ConfigurationException": {"executed_lines": [], "summary": {"covered_lines": 0, "num_statements": 0, "percent_covered": 100.0, "percent_covered_display": "100", "missing_lines": 0, "excluded_lines": 0}, "missing_lines": [], "excluded_lines": []}, "ConfigNotFoundError": {"executed_lines": [], "summary": {"covered_lines": 0, "num_statements": 0, "percent_covered": 100.0, "percent_covered_display": "100", "missing_lines": 0, "excluded_lines": 0}, "missing_lines": [], "excluded_lines": []},